lemma,pos,occurrences,forms,lines
<UNCERTAIN: obscure verb form>,verb,1,περιηντλοῦντο (1),369
<UNCERTAIN: χρεμετίζω?>,verb,1,ἐχρεμέτιζον (1),403
<UNCERTAIN: ἀργυρίζω?>,verb,1,ἠργυρίσω (1),678
<UNCERTAIN: ἐπώζω?>,verb,1,ἐπώζεσεν (1),194
<UNCERTAIN>,unknown,1,<UNCERTAIN: οὐκέτι προσλαλοῦν> (1),396
Αἰγύπτιος,noun,5,Αἰγυπτίους (1); Αἰγυπτίων (3); Αἰγύπτιοι (1),145; 153; 154; 179; 196
Αἴγυπτος,noun,1,Αἴγυπτος (1),131
Αἴγυπτος,propn,17,Αἰγύπτου (1); Αἰγύπτῳ (2); Αἴγυπτον (12); Αἴγυπτος (2),72; 90; 102; 112; 117; 119; 130; 194; 204; 223; 225; 453; 454; 496; 507; 657; 685
Δαυίδ,propn,3,Δαυεὶδ (3),451; 462; 522
Καιάφας,propn,1,Καιάφας (1),738
Μαρία,propn,1,Μαρίας (1),532
Μελίτων,propn,1,Μελίτωνος (1),865
Μωυσῆς,propn,8,Μωυσέα (1); Μωυσέως (1); Μωυσεῖ (1); Μωυσῆς (4); Μωυσῇ (1),72; 74; 92; 450; 458; 504; 507; 520
Νῶε,propn,2,Νῶε (2),653; 654
Πιλᾶτος,propn,1,Πιλᾶτος (1),724
Σιών,propn,1,Σιὼν (1),44
Φαραώ,propn,9,Φαραώ (2); Φαραὼ (7),5; 73; 113; 121; 127; 131; 134; 499; 504
Χριστός,propn,10,Χριστοῦ (1); Χριστόν (1); Χριστός (5); Χριστὸν (2); Χριστὸς (1),36; 39; 65; 306; 316; 452; 483; 815; 823; 856
Χωρήβ,propn,2,Χωρήβ (1); Χωρὴβ (1),665; 693
α,noun,1,α (1),853
αἰγυπτιακός,adj,1,αἰγυπτιακῇ (1),198
αἰδέομαι,verb,1,αἰδοῦμαι (1),751
αἰσχύνη,noun,1,αἰσχύνην (1),502
αἰτία,noun,1,αἰτίαν (1),424
αἰχμάλωτος,adj,1,αἰχμάλωτος (1),422
αἰών,noun,7,αἰώνων (3); αἰῶνας (4),66; 317; 484; 839; 852; 864
αἰώνιος,adj,3,αἰώνιον (3),85; 511; 513
αἷμα,noun,13,αἱμάτων (1); αἵματι (2); αἵματος (5); αἷμα (5),38; 86; 89; 105; 111; 207; 212; 216; 301; 375; 455; 501; 565
αὐτός,adj,1,αὐτὸ (1),466
αὐτός,pron,61,αὐτήν (1); αὐτοῖς (2); αὐτοῦ (21); αὐτόν (2); αὐτὸ (2); αὐτὸν (16); αὐτὸς (2); αὐτῆς (2); αὐτῇ (1); αὐτῶν (6); αὐτῷ (6),76; 77; 78; 80; 115; 118; 137; 150; 169; 187; 205; 250; 259; 264; 268; 314; 332; 337; 356; 366; 408; 421; 467; 473; 474; 475; 478; 479; 480; 486; 493; 545; 546; 547; 548; 568; 571; 572; 573; 574; 588; 596; 600; 601; 602; 604; 679; 683; 697; 705; 706; 707; 713; 714; 715; 716; 717; 794; 796
βαλβίς,noun,1,βαλβῖδα (1),642
βαρύς,adj,1,βαρὺ (1),760
βασιλεία,noun,2,βασιλείαν (2),362; 511
βασιλεύς,noun,6,βασιλεύς (1); βασιλεὺς (3); βασιλεῖς (2),465; 668; 712; 769; 836; 857
βιβρώσκω,verb,1,βιβρώσκεται (1),98
βλέπω,ptcp,1,βλέπων (1),268
βλέπω,verb,1,βλέπεις (1),259
βοάω,verb,3,βοῆσαι (1); ἐβόησας (1); ἐβόησεν (1),576; 586; 809
βοηθέω,verb,1,βοήθησον (1),163
βούλομαι,verb,2,βούλει (1); βούλεται (1),73; 446
βραχύς,adj,1,βραχεῖ (1),311
βροντάω,verb,1,ἐβρόντησεν (1),781
βρόχος,noun,2,βρόχοι (1); βρόχους (1),597; 732
βρῶσις,noun,1,βρώσει (1),339
βῶλος,noun,1,βῶλος (1),345
γάρ,ptcl,35,γάρ (5); γὰρ (30),28; 32; 34; 42; 50; 75; 84; 90; 110; 119; 131; 138; 145; 188; 194; 253; 274; 297; 311; 322; 357; 366; 378; 420; 421; 430; 439; 458; 493; 600; 633; 721; 752; 778; 827
γένεσις,noun,1,γενετῆς (1),700
γίγνομαι,ptcp,7,γενηθεῖσα (1); γενομένου (1); γινόμενον (5),119; 218; 228; 232; 233; 249; 351
γίγνομαι,verb,21,γέγονεν (3); γένηται (1); γίνεται (3); γίνηται (1); γεγόνει (1); ἐγένετο (8); ἐγίνετο (3); ἐγενήθησαν (1),32; 34; 40; 42; 141; 192; 211; 230; 236; 239; 251; 276; 295; 365; 390; 395; 418; 432; 745; 752; 757
γε,ptcl,1,γε (1),207
γενεά,noun,1,γενεὰν (1),480
γεννάω,ptcp,1,γεννηθείς (1),637
γεννάω,verb,4,γεγέννημαι (1); γεννᾶται (1); γεννᾷ (1); ἐγέννησεν (1),60; 61; 176; 392
γεωργέω,verb,1,ἐγεώργησας (1),740
γεῦσις,noun,1,γεύσεως (1),352
γινώσκω,verb,1,γινώσκειν (1),340
γλῶσσα,noun,1,γλῶσσα (1),730
γοῦν,ptcl,3,γοῦν (3),37; 270; 349
γράφω,verb,4,γέγραπταί (1); γέγραπται (3),69; 550; 564; 727
γραφή,noun,4,γραφὴ (3); γραφῆς (1),1; 39; 71; 277
γυμνός,adj,1,γυμνῷ (1),771
γυμνόω,ptcp,1,γεγυμνωμένον (1),775
γυνή,noun,1,γυναῖκα (1),403
γῆ,noun,29,γῆ (2); γῆν (11); γῆς (14); γῇ (2),17; 186; 328; 331; 333; 345; 353; 365; 390; 391; 416; 453; 465; 474; 485; 496; 527; 538; 603; 643; 651; 666; 694; 763; 764; 778; 841; 847
δάκρυον,noun,1,δάκρυσιν (1),120
δάμαλις,noun,1,δάμαλις (1),188
δέ,ptcl,94,δέ (2); δὲ (91); δ᾽ (1),12; 20; 22; 27; 33; 36; 41; 71; 74; 86; 97; 125; 139; 144; 151; 154; 164; 165; 166; 167; 168; 173; 177; 178; 179; 186; 192; 195; 201; 205; 206; 226; 232; 238; 247; 251; 278; 279; 284; 298; 300; 302; 304; 306; 308; 310; 335; 340; 342; 344; 351; 365; 388; 389; 390; 391; 397; 405; 409; 423; 427; 436; 441; 453; 457; 462; 468; 476; 480; 486; 491; 517; 518; 519; 520; 521; 522; 523; 583; 586; 608; 610; 613; 615; 617; 619; 621; 623; 632; 706; 720; 750; 755; 800
δέκα,adj,1,δέκα (1),687
δέχομαι,verb,2,ἐδέξατο (1); ἐδέξω (1),346; 795
δέω,ptcp,3,δήσας (1); δεθείς (1); δεθεὶς (1),517; 805; 821
δέω,verb,4,Δήσωμεν (1); δῆσαι (1); ἔδει (1); ἔδησας (1),73; 554; 602; 711
δή,ptcl,6,δή (1); δὴ (5),236; 271; 273; 290; 434; 579
δίδραχμον,noun,1,δίδραχμα (1),679
δίδωμι,verb,1,ἔδωικεν (1),782
δίκαιος,adj,3,δίκαιον (1); δικαίου (1); δικαίᾳ (1),554; 749; 757
δίχα,prep,1,δίχα (1),229
δαμάζω,verb,1,ἐδάμασεν (1),113
δείκνυμι,verb,2,δείκνυται (1); δείξω (1),233; 839
δεινός,adv,1,δεινὸν (1),198
δεκτικός,adj,1,δεκτικὸς (1),344
δεξιά,noun,8,δεξιά (1); δεξιᾶς (4); δεξιᾷ (3),160; 384; 574; 582; 769; 837; 850; 862
δεσμωτήριον,noun,1,δεσμωτήριον (1),350
δεσπότης,noun,5,Δέσποτα (1); δεσπότην (1); δεσπότης (2); δεσπότῃ (1),577; 587; 627; 767; 771
δεῖ,verb,7,ἔδει (7),410; 568; 571; 572; 573; 574; 577
δεῦρο,adv,1,δεῦρο (1),681
δεῦτε,adv,1,Δεῦτε (1),473
δεῦτε,verb,1,δεῦτε (1),824
διά,prep,63,Διὰ (1); διά (1); διὰ (52); δι᾽ (4); δι᾿ (3); δι’ (2),5; 14; 15; 16; 17; 18; 40; 74; 113; 221; 233; 234; 238; 239; 246; 264; 298; 300; 302; 304; 306; 308; 310; 316; 328; 332; 337; 338; 352; 424; 429; 436; 445; 452; 455; 457; 485; 486; 489; 545; 549; 568; 590; 591; 686; 690; 701; 713; 714; 715; 716; 717; 763; 773; 783; 804; 805; 806; 807; 837; 843; 852
διάβασις,noun,1,διάβασιν (1),690
διάβολος,noun,2,διάβολον (1); διαβόλου (1),498; 503
διήγημα,noun,2,διήγημα (2),278; 319
διαάγω,ptcp,1,διαγαγών (1),661
διακρίνω,ptcp,1,διακρίνας (1),640
διαλύω,ptcp,1,διαλυθέντος (1),352
διασαφέω,verb,1,διασεσάφηται (1),2
διατελέω,ptcp,1,διατελέσας (1),93
διατρέφω,ptcp,1,διαθρεψάμενος (1),658
διατροφή,noun,1,διατροφὴν (1),686
διαφυλάσσω,ptcp,1,διαφυλάξας (1),658
διαχωρίζω,verb,1,διεχωρίζετο (1),419
διδάσκω,verb,1,διδάσκει (1),58
διηγέομαι,verb,1,διηγήσομαι (1),71
διηγοῦμαι,verb,1,διηγήσεται (1),480
δικαιοσύνη,noun,1,δικαιοσύνης (1),135
διώκω,ptcp,2,διωκόμενον (1); διωχθείς (1),451; 522
δοξάζω,ptcp,1,δοξήσαντά (1),560
δοξάζω,verb,2,ἐδόξαζον (1); ἠδόξησας (1),560; 723
δουλεία,noun,3,δουλείαν (1); δουλείας (2),361; 498; 508
δυστυχής,adj,3,Δυστυχεῖς (1); δυστυχεῖς (1); δυστυχὴς (1),153; 199; 395
δυσωπέω,ptcp,1,δυσωπηθεὶς (1),217
δυσωπέω,verb,5,ἐδυσωπήθης (2); ἐδυσώπησέ (1); ἐδυσώπησεν (2),212; 213; 588; 589; 592
δυσωπία,noun,2,δυσωπίαν (2),89; 95
δωρέω,ptcp,1,δωρηθὲν (1),417
δωρεά,noun,2,δωρεάς (1); δωρεαί (1),695; 705
δόγμα,noun,1,δόγματα (1),275
δόξα,noun,5,δόξα (5),66; 312; 317; 484; 864
δύναμαι,ptcp,3,δυνάμενος (1); δυναμένου (1); δυναμένῳ (1),177; 489; 491
δύναμις,noun,4,δυνάμει (1); δύναμιν (3),227; 243; 286; 287
δύσχρηστος,adj,1,δύσχρηστος (1),555
δώδεκα,num,1,ιβ (1),656
δῆλος,adj,1,δῆλος (1),217
δῆμος,noun,1,δήμους (1),80
εἰ,conj,11,εἰ (10); εἴ (1),28; 30; 156; 163; 164; 165; 166; 167; 446; 577; 752
εἰκών,noun,6,εἰκόνα (4); εἰκόνος (1); εἰκών (1),238; 248; 250; 259; 288; 423
εἰμί,ptcp,1,ὢν (1),55
εἰμί,verb,67,εἰμί (1); εἰμι (1); εἶ (2); ἐστιν (32); ἐστὶν (1); ἔσεσθαι (1); ἔστιν (3); Ἔστιν (1); ἦν (19); ἦσαν (1); ἦσθα (4); Ἦν (1),7; 29; 31; 56; 65; 68; 84; 125; 131; 138; 139; 170; 175; 195; 201; 206; 217; 228; 280; 281; 282; 297; 307; 309; 321; 420; 430; 439; 457; 483; 502; 505; 508; 514; 515; 516; 524; 530; 531; 532; 533; 555; 607; 612; 614; 622; 636; 652; 657; 659; 663; 669; 674; 675; 676; 677; 678; 753; 754; 827; 841; 853; 854; 856; 857; 858
εἰς,prep,55,εἰς (55),17; 28; 39; 66; 89; 95; 225; 226; 317; 330; 335; 349; 350; 353; 368; 394; 407; 409; 410; 416; 417; 444; 447; 448; 449; 450; 451; 452; 453; 470; 473; 477; 482; 484; 508; 509; 510; 511; 527; 529; 534; 538; 657; 674; 675; 676; 685; 706; 801; 822; 838; 847; 849; 864
εἴσοδος,noun,1,εἰσόδου (1),88
εἶτα,adv,1,Εἶτα (1),712
εἷς,adj,7,μίαν (2); μιᾷ (4); ἑνὶ (1),80; 91; 109; 140; 179; 199; 311
εὐαγγέλιον,noun,6,εὐαγγέλιον (3); εὐαγγελίου (2); εὐαγγελίῳ (1),275; 278; 283; 285; 287; 290
εὐφραίνω,ptcp,1,εὐφραινόμενος (1),607
εὐφραίνω,verb,2,εὐφραίνεται (1); ηὐφραίνετο (1),100; 405
εὑρίσκω,verb,7,εὑρέθης (2); ηὑρίσκετο (5),33; 208; 210; 391; 398; 632; 794
εὔχρηστος,adj,1,εὔχρηστον (1),754
ζάω,ptcp,2,ζώντων (1); ζῶν (1),474; 718
ζωή,noun,12,ζωήν (4); ζωὴ (2); ζωὴν (5); ζωῆς (1),16; 211; 214; 219; 298; 363; 459; 461; 510; 604; 710; 831
ζωογονέω,verb,1,ἐζωογόνησα (1),812
ζωοποιέω,ptcp,1,ζωοποιήσαντά (1),563
ζῷον,noun,1,ζώων (1),185
θάνατος,noun,23,θάνατον (7); θάνατος (7); θανάτου (7); θανάτῳ (2),138; 141; 148; 152; 154; 157; 171; 208; 211; 215; 220; 299; 343; 363; 406; 412; 420; 422; 492; 502; 510; 710; 818
θάπτω,ptcp,7,ταφείς (4); ταφεὶς (1); τεθαμμένον (2),54; 527; 536; 807; 813; 847
θάπτω,verb,3,θάπτεται (1); ταφῇ (1); ἐθάπτετο (1),63; 621; 719
θέαμα,noun,2,θέαμα (2),125; 195
θέλημα,noun,1,θέλημα (1),578
θαυμάζω,verb,2,θαυμάσετε (1); ἐθαύμαζον (1),144; 722
θαυμαστός,adj,2,θαυμαστὴ (1); θαυμαστὸς (1),281; 283
θεάομαι,verb,2,θεάσασθαι (1); θεαθῇ (1),195; 772
θεραπεύω,ptcp,1,θεραπεύσας (1),670
θεραπεύω,verb,2,ἐθεράπευσεν (2),545; 697
θεός,noun,16,θεοῦ (4); θεόν (1); θεός (3); θεὸν (2); θεὸς (6),27; 49; 55; 64; 72; 312; 315; 331; 348; 417; 576; 586; 633; 636; 768
θλίβω,verb,1,ἐθλίβετο (1),615
θλῖψις,noun,2,θλῖψιν (2),599; 709
θνητός,adj,2,θνητὸν (2),10; 17
θνῄσκω,verb,3,θάνῃ (1); θάνῃς (1); θανεῖν (1),174; 491; 566
θριαμβεύω,ptcp,1,θριαμβεύσας (1),819
θρόνος,noun,1,θρόνους (1),650
θύρα,noun,1,θύρας (1),94
θύω,ptcp,1,τυθείς (1),535
θύω,verb,2,θύεσθαι (1); θύεται (1),3; 469
κάθημαι,ptcp,3,καθήμενον (1); καθήμενος (2),128; 850; 862
κάθοδος,noun,1,κάθοδον (1),685
κάτω,adv,3,κάτω (3),305; 307; 540
καί,conj,243,Καὶ (1); καί (1); καὶ (241),2; 4; 5; 7; 8; 9; 10; 35; 38; 39; 42; 43; 44; 45; 46; 47; 48; 49; 51; 52; 54; 55; 75; 76; 77; 80; 82; 91; 93; 95; 98; 99; 100; 101; 111; 113; 119; 120; 122; 124; 127; 128; 136; 137; 138; 141; 147; 148; 149; 150; 151; 153; 158; 159; 185; 188; 189; 190; 191; 192; 208; 209; 211; 212; 228; 229; 230; 234; 243; 244; 245; 246; 268; 271; 273; 274; 275; 277; 278; 281; 283; 285; 287; 289; 290; 291; 294; 295; 315; 319; 320; 325; 328; 331; 332; 334; 340; 344; 346; 347; 348; 351; 353; 365; 368; 378; 379; 380; 381; 382; 383; 384; 391; 393; 394; 395; 397; 400; 401; 402; 403; 408; 410; 412; 415; 416; 417; 418; 419; 421; 422; 428; 429; 430; 434; 439; 455; 459; 460; 461; 464; 466; 467; 474; 475; 478; 481; 487; 490; 494; 498; 500; 501; 503; 506; 512; 513; 534; 535; 536; 540; 543; 546; 547; 548; 550; 552; 577; 578; 596; 597; 598; 599; 600; 601; 602; 604; 606; 607; 609; 610; 623; 652; 656; 658; 660; 661; 662; 671; 681; 686; 689; 690; 692; 693; 694; 695; 709; 710; 722; 723; 744; 750; 751; 755; 758; 759; 760; 772; 774; 778; 782; 799; 801; 804; 805; 806; 807; 809; 819; 820; 821; 822; 826; 841; 842; 843; 849; 853; 854; 855; 863; 864
καί,ptcl,6,καί (1); καὶ (5),28; 30; 207; 453; 711; 724
καίτοι,conj,1,καίτοι (1),438
καθαρίζω,verb,1,ἐκαθάρισεν (1),546
καθιδρύω,verb,1,καθίδρυται (1),312
καθοδηγέω,ptcp,2,καθοδηγήσας (2),652; 657
καθώς,conj,2,καθώς (1); καθὼς (1),69; 727
καινός,adj,25,καινοῖς (1); καινοῦ (2); καινός (1); καινότερον (2); καινότερόν (1); καινὴ (2); καινὴν (2); καινὸν (11); καινὸς (2); καινῆς (1),7; 12; 20; 43; 125; 137; 139; 144; 151; 209; 224; 365; 391; 421; 438; 439; 441; 512; 558; 592; 625; 626; 745; 770
καινῶς,adv,1,καινῶς (1),430
καιρός,noun,1,καιρός (1),253
κακός,adj,4,κακὰ (4),470; 551; 553; 708
κακῶς,adv,1,κακῶς (1),566
καλέω,ptcp,1,καλέσαντα (1),631
καλέω,verb,1,κέκληται (1),322
καλός,adj,8,καλοῦ (1); καλὰς (1); καλὸν (3); καλῆς (2); καλῶν (1),244; 418; 419; 532; 602; 604; 686; 708
καρπός,noun,5,καρποῦ (1); καρπὸν (1); καρπὸς (1); καρπῶν (1); καρπῷ (1),176; 179; 191; 199; 394
κατά,prep,18,καθ᾽ (8); κατὰ (10),11; 12; 13; 57; 58; 59; 60; 61; 62; 63; 64; 80; 335; 440; 441; 467; 720
κατάδικος,adj,3,κατάδικον (2); καταδίκων (1),350; 806; 811
κατάκειμαι,ptcp,1,κατακείμενος (1),622
κατέχω,verb,1,κατέσχεν (1),169
κατακλείω,verb,1,κατεκλείετο (1),417
καταλείπω,verb,2,κατέλιπεν (1); κατελείφθη (1),356; 357
καταλύω,ptcp,1,καταλύσας (1),818
καταλύω,verb,1,κατέλυσεν (1),490
καταπίνω,ptcp,2,καταπίνουσα (1); καταπίνων (1),150; 396
καταπατέω,ptcp,1,καταπατήσας (1),820
κατασκευή,noun,2,κατασκευὴν (1); κατασκευῇ (1),245; 320
κατασκηνόω,verb,1,κατεσκήνωκεν (1),315
κατορύσσω,verb,1,κατώρυσσεν (1),394
καὶ,adv,1,κἀκεῖ (1),658
κείρω,ptcp,1,κείραντος (1),478
κελεύω,ptcp,1,κελεύοντος (1),155
κελεύω,verb,1,ἐκέλευες (1),618
κενός,adj,1,κενά (1),464
κενόω,verb,3,κενοῦται (1); ἐκενώθη (2),286; 288; 291
κεφαλή,noun,2,κεφαλῆς (1); κεφαλῇ (1),601; 679
κεῖμαι,ptcp,2,κειμένους (1); κειμένων (1),142; 702
κεῖμαι,verb,2,κεῖσαι (1); ἔκειτο (1),423; 799
κηρός,noun,1,κηροῦ (1),240
κηρύσσω,ptcp,3,κηρυσσόμενον (1); κηρυσσόμενος (1); κηρύξαντά (1),457; 562; 843
κηρύσσω,verb,1,ἐκηρύχθη (1),481
κληροδοτέω,ptcp,1,κληροδοτήσας (1),666
κληρονομία,noun,4,κληρονομία (2); κληρονομίαν (2),309; 356; 357; 694
κοίτη,noun,1,κοίτην (1),399
κοιλία,noun,2,κοιλίαν (1); κοιλίας (1),394
κοπετός,noun,2,κοπετοῖς (1); κοπετὸς (1),120; 192
κοσμέω,ptcp,1,κοσμήσας (1),646
κράτος,noun,1,κράτος (1),864
κρέμαμαι,verb,1,κρέμαται (1),764
κρίνω,ptcp,2,κριθεὶς (1); κρινόμενος (1),806; 810
κρίνω,verb,5,κρίθητι (1); κρίνει (1); κριθῆναι (1); κρινέσθω (1); ἐκρίνετο (1),57; 573; 581; 617; 681
κρατέω,ptcp,1,κρατούμενον (1),805
κρατέω,verb,1,κρατεῖ (1),160
κρεμάννυμι,ptcp,5,κρεμάσας (2); κρεμαμένην (1); κρεμαμένου (1); κρεμασθείς (1),459; 643; 764; 791; 846
κρεμάννυμι,verb,1,κρεμασθῆναι (1),574
κρεμάω,ptcp,1,κρεμασθείς (1),525
κρότημα,noun,1,κροτήματα (1),202
κρύπτω,verb,2,κρύψῃ (1); ἐκρύβετο (1),152; 775
κτῆνος,noun,3,κτήνη (1); κτήνους (1); κτηνῶν (1),91; 187; 190
κυέω,verb,1,ἐκύησεν (1),396
κωκυτός,noun,1,κωκυτοῦ (1),132
κωκύω,ptcp,2,κωκύοντας (1); κωκύσαντος (1),126; 781
κωκύω,verb,2,ἐκώκυσας (2),789; 790
κόπτω,ptcp,2,κοπτομένους (1); κοπτόμενοι (1),126; 201
κόσμος,noun,3,κόσμον (2); κόσμου (1),349; 495; 646
κύριος,noun,41,Κύριος (1); κυρίου (27); κύριον (8); κύριος (5),16; 24; 84; 214; 215; 216; 218; 219; 220; 274; 294; 298; 300; 302; 328; 425; 427; 434; 439; 446; 457; 467; 567; 570; 595; 606; 626; 634; 720; 743; 776; 781; 784; 787; 789; 791; 793; 795; 797; 803; 860
λέγω,ptcp,4,εἰπόντες (2); λεγόμενον (2),228; 231; 470; 553
λέγω,verb,7,εἰπεῖν (3); εἶπεν (1); λέγε (1); λέγειν (1); λέγηται (1),213; 230; 462; 751; 760
λίχνος,adj,1,λίχνον (1),346
λαλέω,ptcp,1,λαλούμενον (1),234
λαμβάνω,ptcp,3,λαβόντες (1); λημφθείς (1); λημφθὲν (1),86; 416; 533
λαμβάνω,verb,2,λάβετε (1); λήμψῃ (1),75; 826
λαμπρύνω,ptcp,2,λαμπρύνας (2),639; 648
λατρεία,noun,1,λατρείας (1),495
λαός,noun,17,λαοὶ (1); λαοῦ (7); λαόν (1); λαὸν (1); λαὸς (5); λαῷ (2),4; 95; 100; 208; 211; 274; 276; 282; 291; 428; 458; 464; 513; 778; 779; 780; 781
λεπρός,adj,1,λεπροὺς (1),546
λιμώττω,ptcp,1,λιμώττων (1),608
λογίζομαι,ptcp,1,λογισάμενοι (1),553
λογίζομαι,verb,1,ἐλογίσαντο (1),470
λοιπός,adj,1,λοιπὰ (1),190
λοχεύω,ptcp,1,λοχευόμενα (1),190
λυσίφρων,adj,1,λυσίφρονας (1),197
λυσικόμος,adj,1,λυσικόμους (1),196
λυτρόω,verb,1,ἐλυτρώσατο (1),495
λόγος,noun,6,λόγον (1); λόγος (3); λόγου (1); λόγῳ (1),12; 20; 41; 42; 58; 332
λύσις,noun,1,λύσις (1),418
λύτρον,noun,2,λύτρα (1); λύτρον (1),716; 830
λύω,ptcp,2,λελυμένα (1); λυθείς (1),538; 591
λύω,verb,4,λύεται (1); λῦσαι (1); ἐλύθη (1); ἔλυσεν (1),74; 249; 294; 498
λῃστής,noun,1,λῃστήν (1),599
μάρτυς,noun,1,μάρτυρας (1),596
μάστιξ,noun,5,μάστιγα (1); μάστιγας (2); μάστιγες (1); μάστιγος (1),73; 74; 597; 600; 735
μάχαιρα,noun,1,μάχαιραν (1),599
μέγας,adj,2,μεγάλῃ (2),606; 725
μέγεθος,noun,1,μεγέθει (1),242
μέλλω,ptcp,7,μέλλον (4); μέλλοντος (3),238; 239; 241; 248; 259; 264; 430
μέλος,noun,1,μέλη (1),501
μέν,ptcl,20,μέν (1); μὲν (19),1; 11; 19; 32; 73; 153; 163; 225; 231; 319; 385; 440; 481; 567; 594; 607; 622; 712; 752; 799
μέσος,adj,6,μέσης (2); μέσῳ (4),543; 743; 745; 755; 756
μέσος,adv,1,μέσον (1),127
μέχρι,prep,1,μέχρι (1),852
μή,ptcl,17,μή (2); μὴ (15),26; 174; 177; 461; 475; 491; 537; 538; 566; 579; 583; 760; 772; 778; 779; 780; 781
μήτηρ,noun,5,μήτηρ (3); μητέρας (1); μητρός (1),164; 196; 392; 395; 400
μήτρα,noun,1,μήτρας (1),486
μακρός,adj,5,μακροῦ (3); μακρὰ (2),146; 169; 431; 433; 435
μαλακός,adj,1,μαλακῆς (1),622
μανθάνω,verb,1,μάθετε (1),324
μανναδοτέω,ptcp,1,μανναδοτήσας (1),663
μαννοδοσία,noun,1,μαννοδοσίαν (1),691
μασθός,noun,1,μασθῶν (1),201
μαστίζω,verb,1,μαστίζεται (1),5
μαστός,noun,3,μασθοὺς (2); μασθοῖς (1),124; 380; 393
μεγάλως,adv,1,μεγάλως (1),430
μελετάω,verb,1,ἐμελέτησαν (1),464
μερίζω,ptcp,1,μεριζόμενος (1),420
μετά,prep,4,μετὰ (4),76; 77; 93; 728
μεταδίδωμι,verb,1,μετέδωκεν (1),334
μικρός,adj,2,μικροῦ (1); μικρῷ (1),70; 246
μιμνήσκομαι,verb,1,μνησθῇ (1),475
μισθοδοτέω,verb,1,ἐμισθοδότησας (1),736
μνημεῖον,noun,2,μνημείου (2),593; 703
μνημόσυνον,noun,1,μνημόσυνον (1),85
μοιχεία,noun,1,μοιχείας (1),370
μυστήριον,noun,18,μυστήριον (12); μυστηρίου (6),2; 5; 10; 68; 93; 99; 103; 209; 218; 224; 227; 320; 424; 434; 439; 446; 457; 482
μόνον,adv,3,μόνον (3),122; 123; 184
μόνος,adj,2,μόνην (1); μόνῳ (1),223; 268
μόνος,adv,2,μόνον (2),266; 267
μύκημα,noun,1,μύκημα (1),186
μᾶλλον,adv,1,μᾶλλον (1),41
νέος,adj,1,νέῳ (1),41
νίπτω,verb,1,ἐνίψατο (1),724
ναός,noun,1,ναός (1),305
νεκρός,adj,17,νεκρούς (1); νεκροὺς (2); νεκρός (1); νεκρὸν (1); νεκρὸς (2); νεκρῶν (10),18; 55; 140; 193; 202; 408; 548; 593; 671; 702; 719; 799; 800; 809; 812; 848; 861
νεκρός,noun,2,νεκρῶν (2),528; 539
νεφέλη,noun,2,νεφέλην (1); νεφέλῃ (1),660; 689
νοέω,ptcp,1,νοήσας (1),173
νοέω,verb,1,ἐνόησας (1),634
νομίζω,ptcp,2,νομιζομένῃ (1); νομιζόμενον (1),438; 749
νομικός,adj,1,νομικῇ (1),746
νομοθεσία,noun,1,νομοθεσίαν (1),693
νομοθετέω,ptcp,3,νομοθετήσας (3),337; 338; 665
νυκτερινός,adj,1,νυκτερινὸν (1),688
νόμος,noun,17,νόμον (2); νόμος (7); νόμου (5); νόμῳ (3),11; 19; 39; 40; 42; 57; 69; 275; 277; 278; 283; 287; 290; 429; 440; 550; 843
νύκτωρ,adv,4,νύκτωρ (4),77; 93; 536; 752
νύξ,noun,5,νυκτὶ (3); νυκτὸς (1); νὺξ (1),80; 91; 109; 146; 460
νῦν,adv,8,νῦν (8),298; 300; 302; 304; 306; 308; 310; 755
ξένος,adj,1,ξένα (1),397
ξένος,noun,2,ξένον (1); ξένος (1),382
ξίφος,noun,1,ξίφος (1),378
ξενιτεύω,ptcp,1,ξενιτεύσας (1),518
ξηρός,adj,2,ξηρὰ (1); ξηρὰν (1),589; 698
ξυνίημι,verb,1,ξύνετε (1),6
ξύλον,noun,12,ξύλον (1); ξύλου (10); ξύλῳ (1),240; 339; 340; 347; 352; 473; 525; 537; 758; 766; 775; 846
οἰκία,noun,2,οἰκιῶν (2),87; 94
οἰκουμένη,noun,1,οἰκουμένης (1),313
οἰκτρός,adj,1,οἰκτρὸν (1),159
οἰμωγή,noun,1,οἰμωγὴ (1),192
οἶδα,verb,1,ἤδεις (1),635
οἶκος,noun,1,οἴκου (1),415
οἶνος,noun,1,οἶνον (1),609
οὐ,ptcl,41,Οὐκ (2); οὐ (16); οὐκ (15); οὐχ (8),29; 78; 115; 122; 123; 175; 184; 221; 237; 311; 341; 358; 359; 360; 361; 362; 363; 364; 461; 475; 479; 564; 565; 571; 572; 573; 574; 586; 589; 632; 633; 634; 635; 776; 784; 787; 789; 791; 794; 795; 796
οὐδέ,adv,1,οὐδὲ (1),772
οὐδέ,conj,8,οὐδὲ (8),31; 116; 311; 587; 588; 590; 591; 592
οὐδείς,pron,1,οὐδέν (1),228
οὐρανός,noun,16,οὐρανοί (1); οὐρανοὺς (1); οὐρανοῦ (3); οὐρανὸν (2); οὐρανῶν (7); οὐρανῷ (2),330; 331; 485; 529; 647; 649; 663; 691; 765; 779; 781; 801; 822; 838; 841; 849
οὕτως,adv,7,οὕτω (2); οὕτως (5),79; 234; 271; 273; 290; 434; 758
οὖν,ptcl,10,οὖν (10),156; 276; 280; 319; 324; 385; 411; 424; 481; 594
οὗτος,pron,67,Οὗτος (2); Τούτου (1); Τοῦτό (1); οὗτος (9); οὗτός (26); ταύτην (5); ταῦτα (1); τούτοις (1); τούτους (1); τοῦτο (12); τοῦτον (5); τοῦτό (1); τοῦτ᾽ (2),65; 68; 84; 221; 224; 236; 239; 249; 258; 263; 266; 267; 282; 335; 349; 351; 405; 410; 424; 431; 445; 479; 485; 502; 505; 508; 514; 515; 516; 524; 530; 531; 532; 533; 542; 549; 576; 578; 586; 594; 625; 636; 652; 657; 659; 663; 669; 674; 675; 676; 677; 678; 725; 760; 773; 783; 809; 841; 853; 854; 856; 857; 858; 859; 860; 861; 862
πάθος,noun,4,πάθεσιν (1); πάθη (3),427; 488; 490; 626
πάρειμι,ptcp,1,παρὼν (1),697
πάρειμι,verb,1,πάρεστιν (1),328
πάσχα,noun,11,πάσχα (11),10; 68; 84; 98; 104; 321; 424; 482; 514; 828; 865
πάσχω,ptcp,10,πάσχοντάς (1); πάσχοντα (3); πάσχοντας (2); πάσχοντι (1); πάσχοντος (1); πάσχων (1); παθὼν (1),324; 325; 329; 452; 485; 488; 670; 696; 804
πάσχω,verb,8,πάσχει (1); πάσχειν (1); παθεῖν (4); πασχέτω (2),62; 323; 489; 571; 577; 579; 580
πέμπω,verb,1,πέμπεται (1),716
πένθος,noun,3,πένθος (1); πένθους (2),113; 130; 136
πέπλος,noun,1,πέπλον (1),116
πέρας,noun,1,πέρατα (1),313
πέτρα,noun,2,πέτρας (2),664; 692
πήγνυμι,ptcp,3,πήξας (3),642; 650; 765
πήγνυμι,verb,1,πέπηκται (1),765
πίνω,verb,1,ἔπινες (1),609
πίπτω,ptcp,1,πιπτόντων (1),140
πίπτω,verb,2,ἔπιπτεν (2),178; 411
πίστις,noun,2,πίστεως (2),432; 437
παλαιός,adj,6,παλαιόν (1); παλαιὸν (3); παλαιὸς (2),7; 11; 19; 43; 439; 440
παντοκράτωρ,noun,1,παντοκράτωρ (1),315
παρά,prep,2,παρ᾽ (2),679; 705
παράδειγμα,noun,1,παραδείγμασιν (1),270
παράδεισος,noun,1,παράδεισον (1),335
παράνομος,adj,2,παράνομε (1); παρανόμου (1),377; 625
παρίστημι,verb,1,παρέστησαν (1),465
παραβαίνω,verb,1,παρέβη (1),347
παραβολή,noun,7,παραβολὴ (2); παραβολῆς (5),229; 230; 231; 234; 277; 281; 289
παραδίδωμι,ptcp,3,παραδούς (1); παραδοὺς (2),286; 287; 288
παρακούω,verb,1,παρήκουσεν (1),348
παραπέμπω,ptcp,1,παραπεμψάμενος (1),594
παρασχηματίζω,verb,1,παρεσχημάτισται (1),771
παραχωρέω,ptcp,1,παραχωρῆσαν (1),250
παρθένος,noun,3,παρθένου (1); παρθένῳ (2),486; 524; 844
παροξύνω,verb,1,παρώξυνας (1),730
πατάσσω,ptcp,3,πάταξαν (1); πατάξας (2),109; 454; 505
πατάσσω,verb,4,πατάσσειν (1); πατάσσω (1); παταχθῆναι (1); ἐπάταξας (1),90; 102; 221; 225
πατήρ,noun,14,πατέρα (2); πατέρας (1); πατέρων (1); πατήρ (2); πατρός (2); πατρὶ (1); πατρὸς (2); πατὴρ (3),60; 163; 197; 378; 379; 399; 423; 684; 839; 850; 852; 862; 863
πατριά,noun,3,πατριαὶ (2); πατριὰς (1),80; 744; 824
πατριάρχης,noun,2,πατριάρχαις (1); πατριάρχας (1),428; 656
πατροκτόνος,adj,1,πατροκτόνοι (1),388
παῖς,noun,1,παιδὸς (1),399
πείθω,verb,1,ἐπείσθης (1),738
πείρω/πείρομαι,verb,1,πέπρωμαι (1),171
πεδίον,noun,1,πεδίοις (1),186
πενθέω,ptcp,1,πενθοῦσαν (1),118
πενθήρης,adj,2,πενθήρη (1); πενθήρης (1),121; 127
πενθηρός,adj,1,πενθήρη (1),503
πενθικός,adj,1,πενθικόν (1),129
περί,prep,3,Περὶ (1); περὶ (2),250; 682; 865
περίκειμαι,ptcp,1,περικειμένη (1),131
περίψυκτος,adj,1,περίψυκτος (1),183
περιέρχομαι,ptcp,1,περιελθὼν (1),110
περιέχω,verb,3,περιέσχεν (2); περιεῖχεν (1),145; 204; 421
περιβάλλω,ptcp,1,περιβεβλημένον (1),129
περιβολή,noun,3,περιβολὴ (1); περιβολῆς (2),123; 132; 772
περιζώννυμι,ptcp,2,περιεζωσμένοι (1); περιεζωσμένον (1),81; 130
περιούσιος,adj,1,περιούσιον (1),513
περισχίζω,ptcp,4,περιεσχισμένη (1); περιεσχισμένην (1); περιεσχισμένον (1); περιεσχισμένου (1),116; 117; 123; 780
περισχίζω,verb,3,περιέσχισας (2); περιεσχίσατο (1),780; 791; 792
περιχέω,verb,1,περικέχυται (1),162
πηλός,noun,1,πηλοῦ (1),240
πηρός,adj,1,πηρῶν (1),590
πικρίς,noun,1,πικρίδων (1),728
πικρός,adj,15,πικρά (4); πικραί (2); πικροί (3); πικρόν (1); πικρός (3); πικρὸν (2),136; 191; 727; 729; 730; 731; 732; 735; 736; 737; 738; 739; 740; 741; 742
πικρῶς,adv,1,πικρῶς (1),174
πιπράσκω,ptcp,2,πιπρασκόμενον (1); πραθείς (1),449; 519
πιστεύω,verb,1,πιστεύσητε (1),461
πλάσσω,ptcp,2,πλάσαντά (1); πλάσας (1),628; 842
πλάσσω,verb,2,πλασθῆναι (1); ἔπλασαν (1),603; 683
πλέκω,verb,1,ἔπλεξας (1),735
πλήν,ptcl,1,πλὴν (1),763
πλήρωμα,noun,1,πλήρωμα (1),278
πλανάω,verb,1,πεπλάνησαι (1),569
πλατεῖα,noun,1,πλατείας (1),755
πλατύς,adj,1,πλατεῖαν (1),310
πληγή,noun,2,πληγάς (1); πληγαῖς (1),119; 687
πληρόω,verb,3,πληροῦται (1); ἐπληρώθη (2),287; 289; 290
πλησίον,noun,1,πλησίον (1),403
πλούσιος,adj,1,πλούσιον (1),245
πνεῦμα,noun,5,πνεύματι (2); πνεύματος (1); πνεῦμα (2),106; 216; 302; 491; 500
πνοή,noun,1,πνοὴν (1),334
ποθέω,verb,3,ποθεῖς (3),258; 263; 266
ποθητός,adj,1,ποθητός (1),182
ποιέω,ptcp,5,ποιήσαντά (1); ποιήσας (4),331; 512; 629; 649; 841
ποιέω,verb,5,ποιήσεις (1); ποιεῖς (1); ἐποίησας (2); ἐποίησεν (1),79; 257; 558; 564; 852
πολυχρόνιος,adj,1,πολυχρονίου (1),351
πολυχόος,adj,1,πολυχόου (1),351
πολύς,adj,5,πολλοῖς (1); πολλὰ (3); πολλῶν (1),397; 481; 515
πομπή,noun,1,πομπὴ (1),38
πονηρός,adj,3,πονηροῦ (1); πονηρὸν (1); πονηρᾶς (1),340; 344; 376
πορνεία,noun,2,πορνείαν (1); πορνείας (1),358; 371
ποτέ,adv,1,ποτε (1),251
ποτίζω,ptcp,1,ποτίσας (1),664
ποτε,adv,3,ποτε (3),248; 295; 297
ποῦ,adv,2,ποῦ (2),543; 550
πρέσβυς,noun,1,πρέσβεις (1),717
πρεσβύτερος,adj,1,πρεσβυτέρῳ (1),40
πρηνής,adj,1,πρηνὴς (1),178
προΐστημι,verb,1,προέστη (1),285
προέρχομαι,ptcp,1,προελθὼν (1),487
προκέντημα,noun,4,προκέντημα (1); προκεντήματος (3),229; 239; 246; 276
προκατασκευή,noun,1,προκατασκευῆς (1),236
προκηρύσσω,verb,1,προεκηρύχθη (1),275
προκομίζω,verb,1,προκομίζεις (1),260
προοδοιπορέω,verb,1,προοδοιπορεῖ (1),407
προοικονομέω,verb,2,προοικονομεῖται (1); προῳκονόμησεν (1),427; 431
προοράω,ptcp,1,προοραθέν (1),433
προσάπτομαι,ptcp,1,προσαψάμενος (1),347
προσάπτομαι,verb,1,προσήπτετο (1),393
προσάπτω,verb,1,προσήπτετο (1),177
προσειπέω,ptcp,1,προσειποῦσα (1),169
προσηλόω,verb,2,προσηλούσθω (1); προσηλοῦτο (1),582; 619
προσκυνέω,verb,1,προσεκύνουν (1),721
προσλαλέω,verb,1,προσλάλησον (1),165
προσφέρω,verb,1,προσήνεγκεν (1),379
προτυπόω,ptcp,1,προτυπωθέν (1),435
προτυπόω,verb,1,προετυπώθη (1),274
προτύπωσις,noun,2,προτυπώσεως (2),232; 233
προφήτης,noun,8,προφήταις (3); προφήτας (2); προφητῶν (3),428; 429; 452; 481; 523; 550; 667; 843
προφητικός,adj,2,προφητικῆς (1); προφητικῇ (1),457; 748
πρωτόσπορος,adj,1,πρωτόσπορος (1),180
πρωτότοκος,adj,19,Πρωτότοκος (1); πρωτοτόκου (2); πρωτοτόκους (2); πρωτοτόκων (6); πρωτότοκον (1); πρωτότοκος (7),137; 138; 150; 154; 158; 167; 168; 170; 173; 175; 177; 179; 181; 191; 193; 199; 636; 790
πρωτότοκος,noun,1,πρωτοτόκοις (1),118
πρό,prep,6,πρὸ (6),168; 280; 281; 282; 283; 637
πρόβατον,noun,30,προβάτου (17); προβάτῳ (1); πρόβατον (12),3; 15; 23; 28; 29; 35; 37; 48; 52; 62; 86; 92; 97; 111; 206; 208; 210; 211; 214; 215; 216; 218; 219; 220; 297; 299; 301; 453; 477; 494
πρόθυρον,noun,1,πρόθυρα (1),87
πρός,prep,9,πρός (1); πρὸς (8),76; 121; 247; 458; 576; 586; 669; 681; 810
πρόσθεν,adv,1,πρόσθεν (1),70
πρόσκαιρος,adj,3,πρόσκαιρον (2); πρόσκαιρος (1),8; 13; 21
πρόσκειμαι,verb,1,πρόσκειται (1),759
πρόσωπον,noun,1,προσώπῳ (1),612
πρότερον,adv,1,Πρότερον (1),427
πρῶτος,adj,1,πρώτην (1),642
πόλεμος,noun,1,πόλεμος (1),713
πόλις,noun,6,πόλει (4); πόλεως (1); πόλις (1),715; 746; 747; 748; 749; 755
πόνος,noun,1,πόνοις (1),119
πόσος,pron,7,πόσου (7),683; 684; 685; 687; 688; 691; 696
πᾶς,adj,18,πάντα (8); πάντες (1); πάντων (1); παντὶ (1); παντὸς (1); πᾶν (1); πᾶσα (2); πᾶσαι (2); πᾶσαν (1),36; 40; 56; 230; 313; 332; 339; 385; 409; 411; 412; 415; 428; 744; 756; 766; 824; 851
πῶς,adv,4,πῶς (4),3; 4; 5; 72
σάκκος,noun,1,σάκκῳ (1),128
σάρξ,noun,3,σαρκὸς (1); σαρκῶν (1); σὰρξ (1),392; 411; 490
σήμερον,adv,2,σήμερον (2),295; 437
σαρκίνος,adj,1,σαρκίνου (1),415
σαρκόω,ptcp,2,σαρκωθείς (2),524; 844
σβέννυμι,ptcp,1,σβέσας (1),644
σημαίνω,ptcp,1,σημαίνων (1),759
σημεῖον,noun,2,σημεῖον (2),89; 592
σιγάω,ptcp,1,σιγῶν (1),178
σιγάω,verb,1,σιγᾶν (1),754
σιωπάω,verb,1,σιωπῆσαι (1),168
σιωπή,noun,2,σιωπή (1); σιωπὴ (1),169; 171
σκέπω,ptcp,1,σκεπάσας (1),660
σκευάζω,verb,1,ἐσκεύασας (1),739
σκιά,noun,1,σκιάς (1),422
σκληροτράχηλος,adj,1,σκληροτράχηλον (1),113
σκληρός,adj,1,σκληρὸν (1),134
σκοτίζω,ptcp,1,σκοτίζων (1),776
σκοτεινός,adj,2,σκοτεινὸν (1); σκοτεινὸς (1),158; 162
σκυθρωπάζω,verb,1,ἐσκυθρώπαζεν (1),613
σκότος,noun,8,σκότει (1); σκότος (6); σκότους (1),129; 136; 147; 152; 153; 156; 509; 640
σορός,noun,1,σορῷ (1),623
σοφίζω,ptcp,1,σοφιζόμενος (1),569
σπέρμα,noun,1,σπερμάτων (1),345
σπαργάω,ptcp,1,σπαργῶντα (1),190
σπεύδω,verb,1,ἔσπευσας (1),595
σποδός,noun,1,σπόδῳ (1),128
σπουδή,noun,1,σπουδῆς (1),77
σταθμός,noun,1,σταθμοὺς (1),88
στενός,adj,1,στενὴ (1),309
στερέωμα,noun,1,στερέωμα (1),645
στηρίζω,ptcp,1,στηρίξας (1),766
στηρίζω,verb,1,ἐστήρικται (1),766
στολή,noun,3,στολὰς (1); στολὴν (2),115; 123; 134
στρατηγός,noun,1,στρατηγός (1),859
στρωμνή,noun,1,στρωμνῆς (1),622
στόμα,noun,2,στόμα (2),479; 604
στῦλος,noun,2,στύλῳ (1); στῦλον (1),659; 688
συμβαίνω,ptcp,1,συμβεβηκότος (1),322
συμβαίνω,verb,1,συνέβαινεν (1),366
συμπαθέω,ptcp,1,συμπαθῶν (1),325
συμπαθέω,verb,1,συμπάθησον (1),164
συμποδίζω,ptcp,1,συμποδιζόμενον (1),448
συμφορά,noun,3,συμφορὰ (2); συμφορὰν (1),144; 204; 421
συνάγω,verb,1,συνήχθησαν (1),466
συνίστημι,verb,2,συνίσταται (1); συστάθητι (1),166; 713
συνεξέρχομαι,ptcp,1,συνεξελθὼν (1),44
συντρίβω,ptcp,2,συντριβείς (1); συντριβεὶς (1),26; 537
συντρίβω,verb,1,συντρίψεις (1),78
συνφωτίζω,verb,1,συνεφωτίζετο (1),207
συσκοτάζω,verb,1,συνεσκότασεν (1),774
σφάζω,ptcp,7,σφάξας (1); σφαγείς (4); σφαζόμενον (1); ἐσφαγμένος (1),52; 92; 453; 494; 521; 753; 829
σφάζω,verb,2,σφάζεται (1); σφάξεις (1),76; 97
σφαγή,noun,12,σφαγή (1); σφαγήν (2); σφαγὴ (2); σφαγὴν (4); σφαγῆς (1); σφαγῇ (2),15; 28; 37; 206; 210; 214; 219; 297; 477; 534; 570; 595
σφραγίζω,ptcp,1,ἐσφραγισμένον (1),111
σφραγίζω,verb,3,σφραγίζεται (1); ἐσφράγισεν (2),94; 101; 500
σχοίνισμα,noun,1,σχοινίσματι (1),311
σχῆμα,noun,2,σχήματι (2),122; 244
σωτηρία,noun,8,σωτηρία (3); σωτηρίαν (3); σωτηρίας (2),210; 226; 274; 300; 364; 514; 828; 834
σύ,pron,94,σε (24); σοι (20); σου (15); σοῦ (3); σὺ (15); ὑμᾶς (2); ὑμῖν (1); ὑμῶν (14),81; 82; 87; 171; 459; 460; 461; 559; 560; 561; 562; 563; 564; 571; 572; 573; 575; 577; 578; 586; 589; 592; 594; 603; 604; 606; 607; 609; 612; 614; 616; 618; 620; 622; 626; 627; 628; 629; 630; 631; 632; 652; 657; 658; 659; 660; 661; 662; 663; 664; 665; 666; 667; 668; 669; 670; 671; 682; 684; 705; 706; 711; 720; 725; 727; 729; 730; 731; 732; 735; 736; 737; 738; 739; 740; 741; 742; 743; 790; 799; 827; 829; 830; 831; 833; 834; 835; 836; 837; 838; 839
σύμβουλος,noun,1,σύμβουλον (1),346
σύνεργος,adj,1,σύνεργος (1),406
σύρω,ptcp,1,συρείς (1),534
σῴζω,ptcp,1,σῶσαν (1),455
σῴζω,verb,3,σώζει (1); σώζειν (1); σώζεται (1),4; 59; 851
σῶμα,noun,16,σωμάτων (1); σώματα (2); σώματι (7); σώματος (2); σῶμα (4),133; 158; 162; 194; 408; 412; 419; 425; 489; 501; 589; 591; 600; 699; 771; 776
τάφος,noun,2,τάφος (1); τάφῳ (1),395; 623
τέκνον,noun,3,τέκνοις (2); τέκνον (1),356; 357; 396
τέλος,noun,2,τέλος (2),854; 855
τέμνω,ptcp,1,τεμὼν (1),661
τέσσαρες,adj,2,τεσσάρων (2),593; 703
τίθημι,ptcp,1,τιθέντες (1),88
τίθημι,verb,3,ἐτίθει (1); ἔθετο (1); ἔθηκεν (1),335; 409; 410
τίκτω,ptcp,2,τεχθείς (1); τεχθεὶς (1),50; 532
τίμιος,adj,13,τίμια (1); τίμιον (2); τίμιος (7); τιμία (1); τιμίου (1); τιμίων (1),251; 252; 280; 282; 295; 296; 297; 299; 301; 303; 305; 307; 309
τίς,pron,22,Τί (1); Τίνα (1); Τίς (1); τί (9); τίνα (1); τίνων (1); τίς (8),160; 161; 162; 213; 224; 321; 324; 325; 328; 463; 480; 544; 545; 558; 564; 568; 625; 750; 760; 810; 814
τίτλος,noun,1,τίτλος (1),759
ταφή,noun,2,ταφήν (1); ταφῆς (1),17; 540
ταχινός,adj,1,ταχινὸς (1),138
τε,ptcl,1,τε (1),429
τεκνοκτόνος,adj,1,τεκνοκτόνοι (1),389
τελέω,ptcp,1,τετελεσμένον (1),437
τελέω,verb,2,τελεῖται (1); τετέλεσται (1),99; 425
τελευτάω,verb,1,τελευτᾶν (1),410
τεῖχος,noun,2,τεῖχος (2),208; 714
τιθηνός,adj,1,τιθηνοὺς (1),380
τιμάω,ptcp,2,τιμήσαντά (2),559; 630
τιμάω,verb,3,τίμησαί (3),698; 700; 702
τιμή,noun,1,τιμὴν (1),360
τις,pron,5,τις (5),156; 158; 173; 192; 392
τοίνυν,ptcl,2,τοίνυν (2),6; 824
τοιγαροῦν,ptcl,2,Τοιγαροῦν (1); τοιγαροῦν (1),446; 727
τοιοῦτος,adj,3,Τοιαύτη (1); τοιαύτην (1); τοιοῦτος (1),133; 134; 204
τοιοῦτος,pron,1,τοιαῦτα (1),569
τολμάω,verb,1,ἐτόλμησας (1),674
τρέμω,ptcp,2,τρέμοντες (1); τρέμοντος (1),763; 778
τρέμω,verb,1,τρέμει (1),161
τρίτος,adj,1,τριτῷ (1),176
τρομάζω,verb,3,ἐτρόμαξας (1); ἐτρόμαξεν (2),763; 778; 784
τροπή,noun,1,τροπή (1),142
τροφή,noun,2,τροφὰς (1); τροφὴ (1),141; 408
τρυφάω,verb,1,τρυφᾶν (1),336
τρυφή,noun,1,τρυφῆς (1),124
τρόπαιον,noun,1,τρόπαιον (1),139
τρόπος,noun,1,τρόπον (1),288
τρόφιμος,adj,1,τροφίμων (1),187
τυγχάνω,verb,3,τυγχάνει (2); τύχῃ (1),230; 432; 437
τυπικός,adj,1,τυπικῆς (1),238
τυραννίς,noun,4,τυραννίδα (1); τυραννίδος (3),362; 376; 377; 511
τυραννικός,adj,4,τυραννικῆς (2); τυραννικῇ (1); τυραννικῷ (1),133; 367; 384; 582
τυφλός,adj,2,τυφλοὺς (2),547; 700
τόπος,noun,1,τόπῳ (1),311
τότε,adv,2,τότε (2),92; 102
τύπος,noun,19,τύπον (7); τύπος (9); τύπου (2); τύπῳ (1),13; 21; 32; 46; 215; 220; 247; 254; 257; 260; 268; 276; 280; 286; 288; 294; 319; 436; 444
τύπτω,ptcp,1,τύπτοντες (1),202
τύπτω,verb,1,ἐτύπτησεν (1),380
υἱός,noun,12,υἱοῖς (1); υἱόν (1); υἱός (2); υἱὸν (2); υἱὸς (4); υἱῶν (2),34; 47; 50; 61; 76; 85; 93; 304; 378; 379; 400; 577
φέρω,ptcp,1,φέρον (1),248
φέρω,verb,1,ἤνεγκας (1),720
φίλος,noun,3,φίλον (1); φίλος (2),166; 383
φαιδρός,adj,1,φαιδρὸς (1),612
φαιός,adj,1,φαιὰν (1),115
φανερόω,ptcp,3,φανερωθέντος (2); φανερωθέντων (1),252; 294; 296
φημί,verb,6,φησίν (3); φησὶν (3),75; 79; 458; 567; 815; 823
φθαρτός,adj,5,φθαρτοῖς (1); φθαρτοῦ (1); φθαρτὸν (3),9; 15; 23; 246; 270
φθορά,noun,1,φθοράν (1),359
φιλέω,verb,1,φιλεῖς (1),267
φιλαργυρία,noun,1,φιλαργυρίας (1),373
φοβέω,ptcp,1,φοβηθέντος (1),779
φοβέω,verb,2,ἐφοβήθης (1); ἐφοβήθησαν (1),779; 787
φοβερός,adj,8,φοβερώτερα (1); φοβερώτερον (3); φοβερὰ (1); φοβερὸν (2); φοβερὸς (1),151; 159; 195; 365; 391; 395; 397; 760
φονεύς,noun,1,φονεύς (1),750
φονεύω,ptcp,5,πεφονευμένον (1); πεφονευμένων (1); φονευθείς (1); φονευόμενον (1); φονευόμενος (1),447; 516; 530; 759; 792
φονεύω,verb,5,πεφόνευται (4); ἐφόνευσεν (1),383; 542; 543; 750; 768
φορέω,verb,2,φορεῖ (1); φορεῖται (1),863
φρουρά,noun,1,φρουρὰν (1),95
φρουρέω,ptcp,1,φρουρούμενος (1),206
φρυάζω,verb,1,ἐφρύαξαν (1),463
φυλάσσω,verb,1,φυλαχθῆναι (1),226
φυράω,ptcp,1,πεφυραμέναι (1),825
φωνή,noun,8,φωνήν (4); φωνῆς (3); φωνῇ (1),198; 457; 576; 586; 591; 701; 782; 809
φωστήρ,noun,2,φωστῆρας (1); φωστῆρες (1),648; 773
φωτίζω,ptcp,2,φωτισθέντος (1); φωτισθεῖσα (1),289; 290
φωτίζω,verb,2,φωτισθῆναι (1); φωτισθῇ (1),234; 283
φωταγωγέω,ptcp,1,φωταγωγήσας (1),659
φωταγωγέω,verb,2,ἐφωταγώγησεν (2),547; 701
φόνιος,adj,1,φόνιον (1),599
φόνος,noun,5,φόνος (3); φόνου (1); φόνων (1),374; 745; 752; 757; 770
φύσει,noun,1,φύσει (1),250
φύσις,noun,5,φύσει (5),55; 252; 288; 296; 344
φῶς,noun,3,φῶς (3),509; 638; 833
χάρις,noun,8,χάριν (3); χάρις (4); χάριτας (1),14; 22; 45; 59; 310; 314; 441; 706
χέω,ptcp,1,χυθέντος (1),207
χαμαί,adv,2,χαμαί (2),183; 798
χαρά,noun,1,χαρᾶς (1),709
χείρ,noun,12,χειρὶ (1); χειρὸς (3); χερσὶν (2); χεὶρ (1); χεῖρα (1); χεῖρας (3); χεῖρες (1),74; 82; 158; 202; 379; 499; 589; 590; 602; 698; 724; 742
χιτών,noun,2,χιτὼν (1); χιτῶνα (1),130; 133
χολή,noun,4,χολήν (2); χολὴ (1); χολὴν (1),598; 605; 610; 739
χορεύω,verb,1,ἐχόρευες (1),620
χρίω,verb,1,χρίσατε (1),87
χριστός,noun,1,χριστοῦ (1),467
χρόνος,noun,3,χρόνος (3),254; 255; 256
χωλός,adj,1,χωλοὺς (1),545
χωρέω,ptcp,1,χωρήσαντος (1),353
χωρέω,verb,2,κεχώρηκεν (2),36; 39
χώρος,noun,1,χώρους (1),368
ψάλλω,verb,1,ἔψαλλες (1),616
ψευδής,adj,1,ψευδεῖς (1),596
ψευδομάρτυς,noun,1,ψευδομάρτυρες (1),731
ψεύδω,verb,1,ψευσθῆναι (1),177
ψηλαφάω,ptcp,1,ψηλαφῶν (1),148
ψηλαφάω,verb,3,ἐφηλάφα (1); ἐφηλάφων (1); ἐψηλάφα (1),153; 154; 156
ψηλαφητός,adj,4,ψηλαφητόν (1); ψηλαφητὸν (2); ψηλαφητῷ (1),129; 136; 147; 152
ψυχή,noun,8,ψυχάς (1); ψυχή (1); ψυχὰς (1); ψυχὴ (1); ψυχὴν (1); ψυχῇ (3),122; 159; 161; 407; 409; 415; 500; 552
ψωμίζω,ptcp,1,ψωμίσαν (1),604
ψωμίζω,verb,1,ἐψώμισας (1),605
ψῆφος,noun,1,ψῆφον (1),720
ω,noun,1,ω (1),853
ἀΐδιος,adj,3,ἀΐδιον (2); ἀΐδιος (1),8; 14; 22
ἀγέλη,noun,1,ἀγέλης (1),533
ἀγαθός,adj,3,ἀγαθοῦ (1); ἀγαθὸν (1); ἀγαθῶν (1),340; 344; 551
ἀγαλλιάω,ptcp,1,ἀγαλλιώμενος (1),614
ἀγαπητός,adj,2,ἀγαπητοί (2),6; 228
ἀδίκημα,noun,2,ἀδίκημα (2),558; 625
ἀδελφή,noun,1,ἀδελφῆς (1),401
ἀδελφοκτόνος,adj,1,ἀδελφοκτόνοι (1),390
ἀδελφός,noun,4,ἀδελφός (1); ἀδελφὸν (1); ἀδελφὸς (2),165; 381; 401
ἀδικέω,verb,2,ἠδίκησας (1); ἠδίκησεν (1),382; 676
ἀδικία,noun,2,ἀδικίαν (1); ἀδικίας (1),506; 770
ἀθάνατος,adj,2,ἀθάνατον (2),10; 18
ἀθῷος,adj,1,ἀθῷον (1),565
ἀκατάλημπτος,adj,1,ἀκατάλημπτον (1),855
ἀκούω,verb,8,ἀκηκόατε (1); ἀκούσατε (3); ἀκούσητε (1); ἀκοῦσαι (1); Ἀκούσατε (1); ἠκούετο (1),144; 151; 186; 227; 319; 320; 744; 763
ἀκρόβυστος,noun,2,ἀκροβύστων (1); ἀκρόβυστοι (1),581; 722
ἀκόρεστος,adj,1,ἀκόρεστος (1),138
ἀλήθεια,noun,8,ἀλήθεια (3); ἀλήθειαν (1); ἀληθείας (3); ἀληθείᾳ (1),33; 46; 256; 268; 274; 279; 280; 286
ἀληθής,adj,2,ἀληθεῖ (2),250; 288
ἀλλά,conj,22,ἀλλὰ (13); ἀλλ᾽ (9),29; 31; 117; 122; 124; 185; 223; 313; 358; 359; 360; 361; 362; 363; 364; 444; 571; 572; 573; 574; 579; 777
ἀλλόφυλος,adj,2,ἀλλοφύλων (1); ἀλλόφυλοι (1),580; 723
ἀμήν,ptcl,4,ἀμήν (4),66; 317; 484; 864
ἀμνάς,noun,1,ἀμνάδος (1),532
ἀμνός,noun,14,ἀμνοῦ (1); ἀμνός (2); ἀμνὸν (1); ἀμνὸς (9); ἀμνῷ (1),26; 30; 31; 34; 47; 51; 75; 303; 478; 493; 521; 530; 531; 829
ἀμφιάζω,ptcp,1,ἀμφιασάμενος (1),329
ἀμύητος,adj,1,ἀμύητον (1),103
ἀνάγω,verb,1,ἀνάγω (1),838
ἀνάστασις,noun,2,ἀνάστασιν (1); ἀνάστασις (1),18; 835
ἀνέρχομαι,ptcp,1,ἀνελθὼν (1),849
ἀνίστημι,ptcp,8,ἀναστάς (1); ἀναστήσας (2); ἀνασταθείς (1); ἀνασταθείσης (1); ἀνασταθεὶς (2); ἀναστὰς (1),27; 291; 528; 539; 540; 671; 848; 861
ἀνίστημι,verb,14,ἀνέστη (4); ἀνέστησεν (2); ἀνίστασθαι (2); ἀνίσταται (2); ἀνίστημι (1); ἀναστήσω (1); ἀνασταθῆναι (1); ἀναστῇ (1),55; 64; 237; 241; 247; 264; 282; 284; 548; 703; 800; 809; 813; 837
ἀναβαίνω,verb,1,ἀνέβη (1),801
ἀναβοάω,verb,1,ἀνεβόησεν (1),159
ἀναγινώσκω,verb,2,ἀνέγνωσται (2),1; 70
ἀναγκάζω,verb,1,ἀναγκάζομαι (1),751
ἀναιρέω,verb,1,ἀνήρηται (1),769
ἀνακωκύω,ptcp,1,ἀνακωκύοντας (1),198
ἀναλαμβάνω,ptcp,1,ἀναλημφθείς (1),529
ἀναλαμβάνω,verb,1,ἀναλημφθῇ (1),718
ἀναλύω,verb,1,ἀνελύετο (1),416
ἀναπήγνυμι,ptcp,1,ἀναπηγνύμενα (1),591
ἀναπλάσσω,ptcp,1,ἀναπλασάμενος (1),651
ἀναπλάσσω,verb,1,ἀνεπλάσατο (1),333
ἀναρπάζω,verb,1,ἀναρπάζεται (1),715
ἀνατιμάω,verb,7,ἀνετιμήσω (7),683; 684; 685; 687; 688; 691; 696
ἀνατολή,noun,1,ἀνατολὰς (1),335
ἀνεκδιήγητος,adj,2,ἀνεκδιήγητος (1); ἀνεκδιηγήτου (1),209; 855
ἀνεύρεσις,noun,1,ἀνεύρεσιν (1),684
ἀνθίζω,verb,1,ἤνθισας (1),741
ἀνθίστημι,verb,1,ἀντιστήτω (1),810
ἀνθρωποκτόνος,adj,2,ἀνθρωποκτόνοι (1); ἀνθρωποκτόνον (1),385; 492
ἀνοίγω,ptcp,1,ἀνοιγόμενοι (1),590
ἀνοίγω,verb,1,ἀνοίγει (1),479
ἀνομία,noun,1,ἀνομίαν (1),505
ἀντί,prep,6,ἀντὶ (6),34; 35; 551; 708; 709; 710
ἀνταποδίδωμι,ptcp,1,ἀνταποδοὺς (1),707
ἀνταποδίδωμι,verb,2,ἀνταπέδωκας (1); Ἀνταπέδωκάν (1),551; 706
ἀνταπόδοσις,noun,1,ἀνταποδόσεως (1),319
ἀντιλέγω,ptcp,1,ἀντιλέγων (1),814
ἀξιόω,verb,1,ἠξίωται (1),772
ἀπαιτέω,ptcp,1,ἀπαιτήσας (1),679
ἀπαλλάσσω,verb,1,ἀπαλλάγηθι (1),167
ἀπαρνέομαι,verb,2,ἀπαρνεῖτο (1); ἀπηρνήσω (1),174; 561
ἀπαρτίζω,verb,1,ἀπαρτίζεις (1),265
ἀπεργάζομαι,verb,1,ἀπηργάσω (1),625
ἀποβλέπω,verb,3,ἀποβλέψῃς (1); ἀπόβλεψον (2),444; 447; 453
ἀποδέχομαι,verb,1,ἀπεδέξατο (1),488
ἀποδοχεῖον,noun,1,ἀποδοχεῖον (1),279
ἀποδύρομαι,ptcp,1,ἀποδυρομένων (1),187
ἀποδύρομαι,verb,1,ἀπωδύροντο (1),191
ἀποθνῄσκω,verb,4,ἀπέθανεν (1); ἀποθανεῖν (2); ἀποθανῇ (1),343; 549; 568; 711
ἀποκαθίστημι,ptcp,1,ἀποκατασταθεῖσα (1),589
ἀποκαθίστημι,verb,1,ἀπεκατέστησεν (1),699
ἀποκηρύσσω,verb,1,ἀπεκήρυξας (1),562
ἀποκτείνω,verb,8,ἀπέκτεινάς (1); ἀπέκτεινα (1); ἀπέκτεινας (4); ἀπέκτεινεν (2),381; 492; 563; 567; 606; 677; 725; 743
ἀπολύω,verb,1,ἀπέλυσα (1),811
ἀποστέλλω,verb,1,ἀποστέλλονται (1),717
ἀποστρέφω,verb,1,ἀπεστράφησαν (1),773
ἀποσφάζω,verb,1,ἀπέσφαξεν (1),384
ἀπό,prep,14,ἀπὸ (11); ἀπ᾽ (2); Ἀπὸ (1),74; 91; 199; 322; 323; 333; 339; 340; 603; 653; 654; 655; 839; 852
ἀπόλλυμι,ptcp,1,ἀπολέσας (1),662
ἀπόλλυμι,verb,1,ἀπώλετο (1),179
ἀπώλεια,noun,4,ἀπωλείᾳ (1); ἀπώλεια (1); ἀπώλειαν (2),192; 225; 364; 365
ἀρνίον,noun,1,ἄρνιον (1),469
ἀρχή,noun,5,ἀρχὴ (2); ἀρχῆς (1); ἀρχῇ (2),331; 842; 852; 854; 855
ἀσέλγεια,noun,1,ἀσελγείας (1),372
ἀσεβέω,verb,1,ἠσέβησας (1),675
ἀσεβής,adj,1,ἀσεβὴς (1),380
ἀσελγής,adj,1,ἀσελγέστερα (1),397
ἀστήρ,noun,1,ἀστέρας (1),647
ἀσφράγιστος,adj,1,ἀσφράγιστον (1),105
ἀτίμητος,adj,1,ἀτίμητοι (1),705
ἀτίμως,adv,1,ἀτίμως (1),706
ἀτεκνία,noun,2,ἀτεκνίαν (2),137; 552
ἀτεκνόομαι,verb,1,ἠτεκνώμεθα (1),199
ἀτεκνόω,ptcp,1,ἀτεκνώσας (1),506
ἀτεκνόω,verb,4,ἀτεκνωθήσεται (1); ἠτέκνωσας (1); ἠτέκνωσεν (2),91; 109; 205; 223
ἀτιμάζω,ptcp,1,ἀτιμασθείς (1),523
ἀτιμάζω,verb,2,ἀτιμασθῆναι (1); ἠτίμησας (1),559; 572
ἀτιμία,noun,1,ἀτιμίαν (1),360
ἀφαρπάζω,ptcp,1,ἀφαρπάσας (1),822
ἀφθαρσία,noun,1,ἀφθαρσίαν (1),359
ἀφικνέομαι,ptcp,2,ἀφικόμενος (2),485; 669
ἀφικνέομαι,verb,2,ἀφίκετο (2),102; 121
ἀφρούρητος,adj,1,ἀφρούρητον (1),106
ἀφωσιόω,verb,1,ἀφωσίωσας (1),587
ἀχάριστος,adj,1,Ἀχάριστε (1),681
ἀχαριστία,noun,2,ἀχαριστίας (2),682; 707
ἀψηλάφητος,adj,1,ἀψηλάφητος (1),152
ἁγνεία,noun,1,ἁγνείαν (1),358
ἁμάρτημα,noun,1,ἁμαρτημάτων (1),826
ἁμάσσω,verb,1,ἥμαξας (1),742
ἁμαρτία,noun,5,ἁμαρτία (2); ἁμαρτίαις (1); ἁμαρτίαν (1); ἁμαρτίας (1),367; 405; 409; 411; 825
ἁρμογή,noun,1,ἁρμογῆς (1),418
ἁρμόζω,ptcp,1,ἁρμόσας (1),647
ἁρπάζω,verb,3,ἀνηρπάζοντο (1); ἁρπάσῃ (1); ἁρπαγῇ (1),330; 367; 712
ἄβυσσος,noun,1,ἄβυσσον (1),644
ἄγγελος,noun,11,ἀγγέλου (3); ἀγγέλους (1); ἄγγελε (1); ἄγγελον (1); ἄγγελος (5),89; 95; 102; 110; 135; 149; 155; 212; 213; 649; 780
ἄγω,ptcp,3,ἀγόμενον (1); ἀχθείς (1); ἀχθεὶς (1),51; 469; 493
ἄγω,verb,3,ἤγοντο (1); ἤχθη (2),28; 368; 477
ἄδικος,adj,1,ἄδικος (1),757
ἄζυμος,adj,2,ἀζύμων (1); ἄζυμα (1),727; 728
ἄκακος,adj,1,ἄκακον (1),469
ἄκανθα,noun,2,ἄκανθα (1); ἄκανθαν (1),601; 741
ἄκορεστος,adj,1,ἀκορέστων (1),369
ἄλογος,adj,1,ἀλόγων (1),185
ἄμοιρος,adj,1,ἄμοιρον (1),104
ἄμωμος,adj,2,ἄμωμον (2),75; 304
ἄν,ptcl,3,ἂν (3),233; 342; 410
ἄνθρωπος,noun,27,ἀνθρώποις (2); ἀνθρώπου (1); ἀνθρώπων (6); ἀνθρώπῳ (1); ἄνθρωπον (7); ἄνθρωπος (10),35; 36; 48; 49; 54; 55; 63; 91; 184; 192; 333; 344; 365; 384; 398; 407; 420; 438; 487; 540; 651; 777; 803; 822; 824; 842
ἄνω,adv,2,ἄνω (2),306; 308
ἄπιστος,adj,1,ἄπιστον (1),108
ἄρρην,adj,1,ἄρρην (1),402
ἄρσην,noun,1,ἄρρενος (1),402
ἄρτος,noun,2,ἄρτον (2),473; 609
ἄρχων,noun,1,ἄρχοντες (1),466
ἄσπιλος,adj,1,ἄσπιλον (1),75
ἄταφος,adj,1,ἀτάφων (1),194
ἄτιμος,adj,9,ἄτιμα (1); ἄτιμον (2); ἄτιμος (6),251; 295; 298; 300; 302; 304; 306; 308; 310
ἄφεσις,noun,2,ἄφεσιν (1); ἄφεσις (1),826; 827
ἄφθαρτος,adj,4,ἀφθάρτοις (1); ἄφθαρτον (2); ἄφθαρτος (1),9; 16; 24; 271
ἄφνω,adv,1,ἄφνω (1),205
ἄφωνος,adj,4,ἄφωνος (4),30; 303; 478; 531
ἄχρηστος,adj,1,ἄχρηστον (1),249
ἅλωσις,noun,2,ἅλωσιν (1); ἅλωσις (1),173; 421
ἅπτομαι,verb,1,ἥπτετο (1),392
Ἀβέλ,propn,2,Ἀβὲλ (2),447; 516
Ἀβραάμ,propn,2,Ἀβραάμ (2),654; 655
Ἀδάμ,propn,1,Ἀδὰμ (1),653
ἐάν,conj,4,ἐὰν (4),144; 230; 444; 712
ἐγείρω,ptcp,2,ἐγείρας (1); ἐγειρόμενος (1),593; 668
ἐγκαταλείπω,verb,1,ἐγκατέλιπες (1),793
ἐγώ,pron,44,μοι (8); μου (3); ἐγώ (4); ἐγὼ (15); ἐμέ (1); ἐμοῦ (2); ἐμὲ (3); Ἐγὼ (2); ἡμᾶς (3); ἡμῖν (1); ἡμῶν (2),160; 161; 162; 167; 171; 213; 469; 470; 495; 500; 508; 512; 514; 551; 552; 553; 555; 567; 579; 583; 681; 698; 700; 702; 810; 811; 812; 813; 814; 815; 818; 823; 827; 828; 829; 830; 831; 833; 834; 835; 836; 837; 838
ἐδαφίζω,verb,3,ἐδαφίσθη (1); ἠδάφισας (1); ἠδαφίσθης (1),183; 797; 798
ἐκ,prep,39,ἐκ (34); ἐξ (5),18; 44; 55; 240; 415; 416; 417; 431; 433; 435; 474; 485; 495; 496; 498; 499; 508; 509; 510; 511; 528; 532; 533; 539; 540; 593; 663; 664; 691; 692; 700; 703; 781; 800; 809; 848; 861
ἐκβάλλω,verb,1,ἐξεβλήθη (1),349
ἐκδειματόω,ptcp,1,ἐκδειματωθεὶς (1),159
ἐκεῖ,adv,5,ἐκεῖ (5),336; 650; 686; 695; 839
ἐκεῖνος,pron,11,ἐκεῖνο (1); ἐκεῖνον (1); ἐκεῖνος (9),486; 604; 608; 610; 613; 615; 617; 619; 621; 623; 800
ἐκθλίβω,ptcp,1,ἐκθλίβων (1),149
ἐκκλησία,noun,4,ἐκκλησία (2); ἐκκλησίαν (1); ἐκκλησίας (1),279; 282; 284; 291
ἐκλέγομαι,ptcp,1,ἐκλεξάμενός (1),652
ἐκτίθημι,ptcp,2,ἐκτεθείς (1); ἐκτιθέμενον (1),450; 520
ἐκτείνω,ptcp,1,ἐκτείνας (1),645
ἐκτρέφω,verb,1,ἐξέθρεψεν (1),393
ἐκτρίβω,verb,1,ἐκτρίψωμεν (1),474
ἐκχέω,verb,2,ἐκκέχυται (1); ἐκχεεῖς (1),314; 565
ἐλεέω,verb,1,ἠλεήθης (1),796
ἐλεεινός,adj,1,ἐλεεινὸν (1),191
ἐλευθερία,noun,2,ἐλευθερίαν (2),361; 508
ἐμβάλλω,ptcp,1,ἐμβαλών (1),626
ἐμβάλλω,verb,1,ἐμβάλωμεν (1),473
ἐμός,adj,2,ἐμὸς (1); ἐμῆς (1),170; 837
ἐν,prep,74,ἐν (74),36; 40; 41; 69; 72; 80; 82; 91; 109; 119; 120; 140; 152; 186; 218; 219; 220; 242; 243; 244; 245; 259; 264; 268; 270; 271; 272; 273; 274; 311; 331; 332; 336; 369; 398; 425; 428; 453; 515; 516; 517; 518; 519; 520; 521; 522; 523; 524; 543; 550; 606; 623; 647; 649; 659; 660; 665; 666; 693; 725; 743; 745; 746; 747; 748; 749; 755; 825; 842; 850; 862
ἐναγκαλίζομαι,ptcp,1,ἐναγκαλισάμενος (1),158
ἐναντίον,prep,1,ἐναντίον (1),478
ἐναντίος,adj,1,ἐναντίαν (1),720
ἐνδύω,ptcp,4,ἐνδυσάμενος (2); ἐνδύσας (2),115; 486; 502; 803
ἐνδύω,verb,1,ἐνέδυσεν (1),134
ἐντέλλομαι,verb,1,ἐντέταλται (1),72
ἐνταῦθα,adv,1,ἐνταῦθα (1),315
ἐντολή,noun,4,ἐντολὴ (1); ἐντολὴν (1); ἐντολῆς (2),45; 337; 338; 347
ἐξάγω,verb,1,ἐξήγετο (1),157
ἐξακολουθέω,verb,1,ἐξηκολούθησας (1),737
ἐξαποστέλλω,ptcp,1,ἐξαποστείλας (1),667
ἐξεραυνάω,ptcp,1,ἐξεραυνῶν (1),154
ἐξουσία,noun,1,ἐξουσίαν (1),851
ἐξωθέω,verb,1,ἐξηλαύνετο (1),415
ἐπί,prep,54,ἐπὶ (48); ἐπ᾽ (3); ἐφ᾽ (2); Ἐπὶ (1),88; 112; 118; 128; 137; 140; 187; 191; 192; 193; 194; 201; 202; 236; 311; 313; 328; 365; 378; 390; 391; 399; 400; 401; 402; 403; 405; 461; 466; 485; 525; 537; 553; 570; 595; 599; 622; 651; 653; 654; 655; 724; 753; 755; 758; 766; 775; 784; 787; 789; 790; 792; 844; 846
ἐπίγειος,adj,1,ἐπιγείοις (1),272
ἐπανθίζω,ptcp,1,ἐπανθίσας (1),638
ἐπιθυμία,noun,1,ἐπιθυμιῶν (1),368
ἐπισφραγίζω,ptcp,1,ἐπισφραγισάμενος (1),429
ἐπιφέρω,verb,2,ἐπήνεγκας (1); ἐπηνέγκατο (1),378; 600
ἐπουράνιος,adj,1,ἐπουρανίοις (1),273
ἐρημία,noun,1,ἐρημίας (1),753
ἐρυθρός,adj,1,Ἐρυθρὰν (1),661
ἐσθίω,verb,7,φάγεσθε (1); φάγετε (1); φάγῃ (1); ἔδεσθε (2); Ἔδεσθε (1); ἤσθιες (1),77; 80; 339; 341; 342; 609; 728
ἐχθρά,adj,1,ἐχθράν (1),107
ἐχθρός,adj,1,ἐχθρῶν (1),712
ἐχθρός,noun,4,ἐχθρόν (1); ἐχθρός (1); ἐχθρὸν (2),167; 346; 662; 819
ἑαυτοῦ,pron,2,ἑαυτοῦ (1); ἑαυτόν (1),174; 427
ἑβραϊκός,adj,2,ἑβραϊκῆς (1); ἑβραϊκῇ (1),1; 747
ἑκατέρωθεν,adv,1,ἑκατέρωθεν (1),345
ἑορτή,noun,3,ἑορτὴ (1); ἑορτῇ (2),606; 725; 727
ἑρμηνεία,noun,2,ἑρμηνείας (2),281; 289
ἑσπέρα,noun,2,ἑσπέραν (1); ἑσπέρας (1),76; 535
ἑτοιμάζω,verb,3,ἑτοιμάζει (1); ἡτοίμασας (2),408; 596; 732
ἑωσφόρος,noun,1,ἑωσφόρου (1),637
ἔθνος,noun,4,ἐθνῶν (1); ἔθνη (2); ἔθνους (1),463; 712; 721; 744
ἔκβασις,noun,1,ἐκβάσεως (1),445
ἔμπροσθεν,prep,1,ἔμπροσθεν (1),460
ἔνθα,adv,2,ἔνθα (2),126
ἔργον,noun,3,ἔργα (1); ἔργον (2),237; 265; 588
ἔρημος,adj,1,ἔρημος (1),423
ἔρχομαι,verb,1,ἦλθεν (1),112
ἔχω,ptcp,1,ἔχων (1),851
ἔχω,verb,1,ἔχετε (1),151
ἕκαστος,adj,1,ἑκάστῳ (1),253
ἕλκω,verb,1,εἵλκετο (1),422
ἕτερος,adj,4,ἕτερα (2); ἕτερος (2),173; 397; 403; 481
ἕως,prep,1,ἕως (1),91
Ἐρυθρά,propn,1,Ἐρυθρᾶς (1),690
Ἔδεμ,propn,1,Ἔδεμ (1),336
Ἔξοδος,propn,1,Ἐξόδου (1),1
ἡδονή,noun,1,ἡδονῶν (1),369
ἡμέρα,noun,7,ἡμέρα (1); ἡμέραν (1); ἡμέρας (2); ἡμέρᾳ (1); ἡμερῶν (2),342; 460; 593; 639; 703; 756; 774
ἡμερινός,adj,1,ἡμερινὴν (1),689
ἤ,conj,10,ἢ (10),214; 215; 216; 240; 564; 718; 719; 753
ἤδη,adv,2,ἤδη (2),593; 703
ἥλος,noun,1,ἥλους (1),596
ἧλος,noun,1,ἧλοι (1),729
Ἠσαΐας,propn,1,Ἠσαΐας (1),476
Ἡρώδης,propn,1,Ἡρώδης (1),737
ἰδού,ptcl,2,ἰδοὺ (1); Ἰδοὺ (1),75; 90
ἰσχυρός,adj,2,ἰσχυρότερον (1); ἰσχυρὸν (1),243; 821
ἱεράτευμα,noun,1,ἱεράτευμα (1),512
ἱμάτιον,noun,1,ἱμάτιον (1),129
ἴδιος,adj,7,ἰδίαν (1); ἰδίῳ (2); ἴδιος (4),253; 254; 255; 256; 334; 500; 501
ἴχνος,noun,1,ἴχνος (1),409
ἵνα,conj,10,ἵνα (8); ἵν᾽ (1); Ἵνα (1),174; 233; 241; 329; 432; 463; 566; 718; 719; 772
ἵππος,noun,1,ἵππος (1),189
ἵστημι,ptcp,1,στήσας (1),503
ἵστημι,verb,1,ἔστησας (1),731
Ἰακώβ,propn,2,Ἰακὼβ (2),518; 656
Ἰερεμίας,propn,1,Ἰερεμίας (1),468
Ἰερουσαλήμ,propn,6,Ἰερουσαλήμ (6),44; 307; 308; 543; 743; 745
Ἰησοῦς,propn,4,Ἰησοῦ (1); Ἰησοῦς (1); ᾿Ιησοῦν (1); ᾿Ιησοῦς (1),39; 65; 316; 858
Ἰούδας,propn,1,Ἰούδας (1),736
Ἰσάκ,propn,1,Ἰσὰκ (1),517
Ἰσαάκ,propn,2,Ἰσὰκ (2),448; 655
Ἰσραήλ,propn,25,Ἰσραήλ (12); Ἰσραὴλ (9); ᾿Ισραήλ (1); ᾿Ισραὴλ (3),74; 76; 85; 93; 101; 110; 206; 210; 221; 226; 455; 544; 558; 564; 567; 569; 576; 586; 625; 631; 632; 635; 681; 769; 783
Ἰσραηλῖτις,noun,1,Ἰσραηλίτιδος (1),769
Ἰωσήφ,propn,3,Ἰωσήφ (1); Ἰωσὴφ (2),449; 519; 686
ὀξύνω,verb,1,ὤξυνας (1),729
ὀξύς,adj,1,ὀξεῖς (1),596
ὀρχήσις,noun,1,ὀρχήσεως (1),202
ὀστοῦν,noun,1,ὀστοῦν (1),78
ὀσφύς,noun,1,ὀσφύας (1),81
ὀφείλω,verb,1,ὥφειλες (1),576
ὀφθαλμός,noun,3,ὀφθαλμούς (1); ὀφθαλμοὶ (1); ὀφθαλμῶν (1),460; 590; 777
ὁ,art,760,Τὸ (1); αἱ (5); οἱ (9); τά (1); ταῖς (1); τοὺς (30); τοῖς (12); τοῦ (122); τό (2); τὰ (25); τὰς (11); τὴν (61); τὸ (75); τὸν (99); τῆς (45); τῇ (13); τῶν (41); τῷ (35); ἡ (39); Ἡ (1); ὁ (131); Ὁ (1),1; 2; 3; 4; 5; 10; 11; 12; 13; 14; 15; 16; 17; 18; 19; 20; 21; 22; 23; 24; 32; 33; 34; 35; 36; 37; 38; 39; 40; 41; 42; 43; 45; 46; 47; 48; 49; 56; 65; 66; 68; 69; 71; 72; 73; 74; 76; 81; 82; 85; 86; 87; 88; 89; 92; 93; 94; 95; 97; 98; 99; 100; 101; 102; 103; 104; 105; 106; 107; 108; 110; 111; 113; 118; 121; 122; 123; 124; 129; 131; 133; 134; 135; 137; 138; 140; 141; 142; 145; 150; 151; 152; 153; 154; 155; 156; 157; 159; 160; 161; 162; 168; 169; 171; 173; 177; 179; 180; 181; 182; 183; 184; 185; 186; 187; 190; 191; 192; 193; 194; 196; 198; 199; 202; 206; 207; 208; 210; 211; 212; 214; 215; 216; 218; 219; 220; 221; 224; 226; 227; 228; 231; 232; 233; 234; 238; 239; 241; 245; 247; 248; 250; 251; 252; 254; 255; 256; 257; 259; 260; 264; 265; 268; 270; 271; 272; 273; 274; 275; 276; 277; 278; 279; 280; 281; 282; 283; 284; 285; 286; 287; 288; 289; 290; 291; 294; 295; 296; 297; 298; 299; 300; 301; 302; 304; 305; 306; 307; 308; 309; 310; 312; 313; 314; 315; 317; 319; 320; 321; 322; 323; 324; 325; 328; 329; 330; 331; 332; 333; 335; 337; 338; 340; 344; 346; 347; 348; 349; 352; 356; 357; 365; 367; 368; 369; 385; 388; 389; 390; 391; 394; 395; 398; 403; 405; 406; 407; 408; 409; 415; 416; 417; 418; 419; 420; 422; 423; 424; 425; 427; 428; 430; 434; 438; 439; 440; 441; 444; 445; 446; 447; 448; 449; 450; 451; 452; 453; 454; 455; 457; 458; 459; 460; 461; 465; 466; 467; 468; 469; 473; 475; 476; 478; 479; 480; 482; 484; 485; 488; 489; 490; 491; 492; 495; 498; 500; 501; 502; 503; 504; 505; 506; 508; 514; 515; 516; 517; 518; 519; 520; 521; 522; 523; 524; 525; 527; 528; 529; 530; 531; 532; 533; 537; 540; 544; 545; 546; 547; 548; 552; 554; 558; 559; 560; 561; 562; 563; 567; 570; 574; 576; 577; 578; 586; 587; 588; 589; 592; 595; 600; 601; 602; 604; 606; 612; 625; 626; 627; 628; 629; 630; 631; 633; 634; 636; 637; 638; 639; 640; 642; 643; 644; 645; 646; 647; 648; 649; 650; 651; 652; 653; 654; 655; 656; 657; 659; 661; 662; 663; 664; 665; 666; 667; 668; 669; 670; 671; 679; 682; 683; 684; 685; 686; 687; 688; 689; 690; 691; 694; 695; 696; 698; 699; 700; 702; 705; 706; 720; 721; 724; 725; 727; 743; 744; 750; 752; 759; 760; 763; 764; 765; 766; 767; 768; 769; 771; 773; 774; 775; 776; 777; 778; 779; 780; 781; 784; 787; 789; 790; 791; 792; 793; 795; 797; 801; 803; 804; 805; 806; 807; 809; 810; 811; 812; 813; 814; 815; 818; 819; 820; 821; 822; 823; 824; 825; 827; 828; 829; 830; 831; 833; 834; 835; 836; 837; 838; 839; 841; 842; 843; 844; 846; 847; 848; 849; 850; 851; 852; 853; 856; 857; 859; 860; 861; 862; 863; 864
ὁμοίως,adv,6,ὁμοίως (6),447; 448; 449; 450; 451; 452
ὁμολογέω,ptcp,1,ὁμολογήσαντά (1),561
ὁπόταν,conj,2,ὁπόταν (2),247; 432
ὁπότε,conj,3,ὁπότε (2); Ὁπότε (1),73; 97; 284
ὁράω,ptcp,4,ἰδὼν (2); ὁραθέν (1); ὁρώντων (1),111; 218; 436; 756
ὁράω,verb,9,εἶδες (1); ἰδέσθαι (1); ἰδεῖν (2); ἴδετε (1); ὁραθῇ (1); ὁρᾶσθαι (1); ὄψεσθε (1); ὄψῃ (1),125; 139; 238; 246; 445; 446; 459; 633; 744
ὄνομα,noun,2,ὄνομα (2),322; 475
ὄξος,noun,3,ὄξος (3),598; 610; 740
ὅδε,pron,3,τάδε (3),145; 337; 366
ὅλος,adj,6,ὅλ[ην] (1); ὅλη (3); ὅλην (1); ὅλῳ (1),117; 119; 121; 130; 162; 194
ὅπως,conj,2,ὅπως (2),7; 775
ὅς,pron,54,αἵ (1); οἷς (1); οὖς (2); οὗ (2); οὗς (5); ἃς (2); ἣ (1); ἣν (4); ὃ (12); ὃν (10); ὃς (2); ὅ (1); ὅς (1); ὧν (3); ᾧ (7),36; 40; 56; 57; 58; 59; 60; 61; 62; 63; 64; 66; 247; 288; 317; 342; 344; 369; 392; 393; 396; 406; 410; 462; 483; 484; 603; 674; 675; 676; 677; 678; 697; 699; 701; 703; 711; 721; 724; 729; 730; 731; 732; 735; 736; 737; 738; 739; 740; 741; 742; 763; 852; 864
ὅσος,pron,1,ὅσα (1),230
ὅτι,conj,6,ὅτι (6),167; 259; 545; 555; 568; 636
ὑβρίζω,verb,1,ὕβρισται (1),767
ὑδροπαροχία,noun,1,ὑδροπαροχίαν (1),692
ὑπάρχω,ptcp,1,ὑπάρχουσα (1),406
ὑπέρ,prep,3,ὑπὲρ (3),679; 711; 829
ὑπομένω,ptcp,1,ὑπομείνας (1),515
ὑπό,prep,41,ὑπὸ (36); ὑπ᾽ (5),73; 157; 179; 199; 206; 207; 275; 289; 356; 367; 369; 370; 371; 372; 373; 374; 375; 376; 377; 411; 412; 420; 422; 481; 544; 571; 572; 573; 574; 579; 580; 581; 582; 583; 683; 712; 769; 794; 796; 863
ὑπόμοσχος,adj,1,ὑπόμοσχος (1),188
ὑπόπωλος,adj,1,ὑπόπωλος (1),189
ὑφαίνω,verb,1,ὑφάνθη (1),133
ὑψηλός,adj,7,ὑψηλοῦ (1); ὑψηλότερον (1); ὑψηλὰ (5),242; 529; 758; 801; 822; 838; 849
ὑψόω,verb,1,ὕψωται (1),758
ὕλη,noun,3,ὕλην (2); ὕλης (1),255; 260; 268
ὕψηλος,adj,1,ὕψηλα (1),330
ὕψιστος,adj,1,ὕψιστος (1),782
ὡς,adv,8,ὡς (8),233; 249; 493; 494; 496; 499; 504; 507
ὡς,conj,1,ὡς (1),70
ὡς,ptcl,20,ὡς (18); Ὡς (2),26; 27; 28; 30; 50; 51; 52; 54; 55; 129; 130; 132; 270; 272; 350; 438; 469; 477; 478; 599
ὡσεί,adv,1,ὡσεὶ (1),345
ὦ,intj,2,ὦ (1); Ὦ (1),625; 635
ὦ,ptcl,12,ὦ (12),6; 209; 213; 338; 558; 564; 569; 576; 586; 770; 783
ᾅδης,noun,3,ἄδην (2); ἅδης (1),150; 417; 820
ῥάβδος,noun,1,ῥάβδοι (1),82
ῥήγνυμι,verb,1,ῥήγνυται (1),714
ῥοπή,noun,3,ῥοπὴν (2); ῥοπῇ (1),140; 179; 199
ῥύομαι,ptcp,1,ῥυσάμενος (1),508
ῥῆμα,noun,2,ῥήματα (2),2; 71
